"user_id","course_id","chapter_id","lesson_id","degree","lock","last_submission_date","reviewed","revision_date"
"570","3","4","10","75","0","2023-08-20 11:40:10","1","2023-08-22 17:21:07"
"570","3","8","8","10","0","2023-08-21 12:06:40","1","2023-08-22 17:21:07"
"575","3","4","10","0","0","2023-08-19 20:09:04","1","2023-08-22 17:21:07"
"582","3","4","10","99","0","2023-08-23 19:26:52","1","2023-08-26 13:52:01"
"582","3","8","8","50","0","2023-08-20 10:32:11","1","2023-08-22 17:21:07"
"582","5","4","8","90","0","2023-09-20 13:18:40","1","2023-10-22 16:00:38"
"587","3","4","10","100","0","2023-08-17 17:21:25","1","2023-08-22 17:21:07"
"587","3","8","8","100","0","2023-08-20 13:02:30","1","2023-08-22 17:21:07"
"587","4","3","8","80","0","2023-09-28 09:30:28","1","2023-10-23 10:01:40"
"587","5","4","8","65","0","2023-09-16 20:29:15","1","2023-09-19 16:04:47"
"594","3","4","10","100","0","2023-08-09 00:29:51","1","2023-08-22 17:21:07"
"594","3","8","8","100","0","2023-08-16 02:46:56","1","2023-08-22 17:21:07"
"601","3","4","10","100","0","2023-08-08 18:05:08","1","2023-08-22 17:21:07"
"601","3","8","8","90","0","2023-08-20 15:48:09","1","2023-08-22 17:21:07"
"601","4","3","8","100","0","2023-08-25 12:45:48","1","2023-08-27 06:49:49"
"604","3","4","10","78","0","2023-08-15 19:18:43","1","2023-08-22 17:21:07"
"604","3","8","8","100","0","2023-08-20 09:10:43","1","2023-08-22 17:21:07"
"610","3","4","10","100","0","2023-08-10 06:58:26","1","2023-08-22 17:21:07"
"625","3","4","10","78","0","2023-08-16 00:19:47","1","2023-08-22 17:21:07"
"628","3","4","10","0","0","2023-09-27 23:24:31","1","2023-10-15 09:46:48"
"631","3","4","10","98","0","2023-08-17 12:28:36","1","2023-08-22 17:21:07"
"631","3","8","8","100","0","2023-08-20 08:50:21","1","2023-08-22 17:21:07"
"631","4","3","8","80","0","2023-08-27 10:23:19","1","2023-08-30 09:38:58"
"631","5","4","8","5","0","2023-09-13 07:57:50","1","2023-09-14 16:24:42"
"631","7","2","6","100","0","2023-09-18 05:57:14","1","2023-10-23 10:14:13"
"631","9","2","4","10","0","2023-09-26 09:19:58","1","2023-10-23 16:37:07"
"631","12","7","6","20","0","2023-10-07 13:55:10","1","2023-10-26 11:39:40"
"632","3","4","10","100","0","2023-08-13 20:59:06","1","2023-08-22 17:21:07"
"632","3","8","8","100","0","2023-08-20 12:34:10","1","2023-08-22 17:21:07"
"632","4","3","8","100","0","2023-08-31 00:52:46","1","2023-08-31 03:48:03"
"634","3","4","10","70","0","2023-10-14 01:01:50","1","2023-10-15 11:20:28"
"637","3","4","10","99","0","2023-08-14 20:12:59","1","2023-08-22 17:21:07"
"637","3","8","8","85","0","2023-10-19 19:28:56","1","2023-10-23 08:18:59"
"637","4","3","8","49","0","2023-08-31 23:52:46","1","2023-09-01 15:22:25"
"654","3","4","10","98","0","2023-08-16 14:42:16","1","2023-08-22 17:21:07"
"654","3","8","8","100","0","2023-08-18 19:10:09","1","2023-08-22 17:21:07"
"654","4","3","8","80","0","2023-08-24 10:24:54","1","2023-08-27 06:40:26"
"654","5","4","8","0","0","2023-10-17 10:00:46","1","2023-10-23 08:54:04"
"654","7","2","6","95","0","2023-10-17 12:13:25","1","2023-10-25 19:08:22"
"654","9","2","4","80","0","2023-10-25 05:36:56","1","2023-10-25 10:59:15"
"654","10","2","5","55","0","2023-10-25 18:54:12","1","2023-11-03 15:13:01"
"654","10","4","2","95","0","2023-10-25 05:44:45","1","2023-10-28 09:19:30"
"654","11","5","2","0","0","2023-10-16 18:13:42","0",NULL
"654","12","7","6","100","0","2023-10-26 15:13:25","1","2023-11-01 10:07:49"
"655","3","4","10","80","0","2023-08-04 13:40:49","1","2023-08-22 17:21:07"
"655","3","8","8","100","0","2023-09-03 11:53:34","1","2023-09-05 08:03:41"
"655","4","3","8","40","0","2023-09-21 14:34:40","1","2023-10-04 14:57:26"
"659","3","4","10","93","0","2023-08-19 15:07:03","1","2023-08-22 17:21:07"
"659","4","3","8","50","0","2023-08-25 13:59:20","1","2023-08-27 06:52:06"
"659","9","2","4","70","0","2023-10-29 14:13:24","1","2023-10-30 11:12:38"
"672","3","4","10","100","0","2023-08-09 10:25:47","1","2023-08-22 17:21:07"
"672","3","8","8","30","0","2023-09-27 04:55:04","1","2023-09-27 16:17:47"
"673","3","4","10","25","0","2023-08-11 18:43:21","1","2023-08-22 17:21:07"
"675","3","4","10","97","0","2023-08-21 07:36:51","1","2023-08-22 17:21:07"
"687","3","4","10","90","0","2023-08-07 20:00:23","1","2023-08-22 17:21:07"
"687","3","8","8","100","0","2023-08-20 17:54:16","1","2023-08-22 17:21:07"
"687","4","3","8","49","0","2023-08-29 20:53:55","1","2023-08-31 03:25:07"
"704","3","4","10","75","0","2023-09-19 19:27:51","1","2023-09-20 07:46:28"
"711","3","4","10","60","0","2023-08-26 00:13:54","1","2023-08-26 14:44:46"
"711","3","8","8","100","0","2023-08-19 16:42:10","1","2023-08-22 17:21:07"
"712","7","2","6","100","0","2023-10-07 12:40:54","1","2023-10-25 04:18:41"
"712","9","2","4","100","0","2023-09-14 10:28:01","1","2023-09-19 11:47:58"
"712","10","2","5","0","0","2023-10-03 13:27:06","1","2023-11-03 16:09:03"
"712","10","4","2","90","0","2023-11-01 14:53:22","1","2023-11-02 18:21:24"
"712","12","7","6","100","0","2023-09-30 14:03:09","1","2023-10-26 11:41:46"
"713","3","4","10","45","0","2023-09-25 16:56:14","1","2023-10-15 09:36:55"
"725","3","4","10","75","0","2023-09-26 10:30:16","1","2023-10-15 09:42:21"
"725","3","8","8","0","0","2023-10-01 08:24:20","1","2023-10-17 08:28:09"
"725","4","3","8","10","0","2023-09-30 06:42:14","1","2023-10-23 10:03:37"
"726","3","4","10","98","0","2023-08-17 21:19:09","1","2023-08-22 17:21:07"
"726","3","8","8","70","0","2023-09-19 19:08:59","1","2023-09-20 04:33:37"
"726","4","3","8","100","0","2023-10-22 08:37:15","1","2023-10-23 10:18:27"
"746","4","3","8","100","0","2023-09-26 00:09:32","1","2023-10-23 10:00:03"
"759","3","4","10","0","0","2023-07-31 14:42:18","1","2023-08-22 17:21:07"
"771","3","4","10","95","0","2023-08-03 16:07:36","1","2023-08-22 17:21:07"
"771","3","8","8","80","0","2023-08-18 21:10:51","1","2023-08-22 17:21:07"
"771","4","3","8","100","0","2023-08-27 14:08:54","1","2023-08-30 09:46:13"
"771","5","4","8","100","0","2023-09-16 17:19:44","1","2023-09-19 14:18:15"
"771","7","2","6","100","0","2023-09-15 19:02:09","1","2023-09-21 06:41:50"
"771","9","2","4","75","0","2023-09-22 18:52:51","1","2023-10-23 14:18:51"
"771","10","2","5","60","0","2023-10-25 16:28:33","1","2023-11-03 15:11:24"
"771","10","4","2","0","0","2023-11-05 11:21:00","0","2023-11-04 08:20:11"
"771","11","5","2","0","0","2023-10-23 12:25:13","0",NULL
"771","12","7","6","100","0","2023-09-30 21:01:58","1","2023-10-26 11:41:38"
"791","3","4","10","99","0","2023-08-15 17:43:04","1","2023-08-22 17:21:07"
"791","3","8","8","100","0","2023-08-16 22:56:23","1","2023-08-22 17:21:07"
"791","4","3","8","100","0","2023-09-03 16:36:11","1","2023-09-19 09:21:46"
"791","5","4","8","0","0","2023-09-19 23:55:18","1","2023-10-22 15:34:37"
"791","7","2","6","100","0","2023-09-20 22:56:38","1","2023-10-24 21:35:45"
"807","3","4","10","100","0","2023-08-19 20:59:44","1","2023-08-22 17:21:07"
"807","3","8","8","100","0","2023-08-18 20:14:23","1","2023-08-22 17:21:07"
"807","4","3","8","100","0","2023-09-13 10:08:38","1","2023-09-19 11:01:06"
"807","5","4","8","100","0","2023-09-27 19:41:59","1","2023-10-23 08:09:35"
"807","7","2","6","100","0","2023-10-01 23:53:12","1","2023-10-25 03:55:43"
"807","9","2","4","70","0","2023-10-02 21:19:16","1","2023-10-24 08:35:08"
"832","3","4","10","85","0","2023-07-31 05:41:18","1","2023-08-22 17:21:07"
"832","3","8","8","100","0","2023-08-11 16:43:04","1","2023-08-22 17:21:07"
"832","4","3","8","60","0","2023-08-23 05:09:51","1","2023-08-27 04:47:33"
"848","3","4","10","78","0","2023-08-19 19:04:47","1","2023-08-22 17:21:07"
"848","3","8","8","0","0","2023-08-20 18:22:29","1","2023-08-22 17:21:07"
"876","3","4","10","98","0","2023-08-17 14:46:42","1","2023-08-22 17:21:07"
"902","3","4","10","75","0","2023-09-22 20:17:50","1","2023-10-01 11:55:29"
"902","3","8","8","45","0","2023-11-02 13:25:57","0","2023-10-17 09:14:43"
"902","9","2","4","75","0","2023-10-01 21:38:29","1","2023-10-23 17:26:48"
"905","3","4","10","100","0","2023-10-09 22:14:17","1","2023-10-15 11:18:14"
"905","3","8","8","100","0","2023-08-20 20:58:01","1","2023-08-22 17:21:07"
"905","4","3","8","100","0","2023-08-27 18:46:40","1","2023-08-30 09:50:33"
"905","5","4","8","20","0","2023-09-20 11:31:41","1","2023-10-22 15:54:15"
"905","7","2","6","100","0","2023-09-16 17:47:22","1","2023-09-23 06:47:36"
"905","9","2","4","20","0","2023-09-23 19:39:02","1","2023-10-23 14:29:37"
"905","11","5","2","0","0","2023-10-08 22:06:49","0",NULL
"914","3","4","10","79","0","2023-08-21 02:23:18","1","2023-08-22 17:21:07"
"914","3","8","8","10","0","2023-08-21 02:25:03","1","2023-08-22 17:21:07"
"915","3","4","10","78","0","2023-08-15 20:18:31","1","2023-08-22 17:21:07"
"915","4","3","8","30","0","2023-08-25 21:18:39","1","2023-08-27 07:09:23"
"922","3","4","10","98","0","2023-08-16 23:53:24","1","2023-08-22 17:21:07"
"922","3","8","8","70","0","2023-08-18 20:57:39","1","2023-08-22 17:21:07"
"922","4","3","8","100","0","2023-10-20 22:30:40","1","2023-10-23 10:16:32"
"922","5","4","8","40","0","2023-10-28 19:02:53","0","2023-10-23 09:38:25"
"922","7","2","6","100","0","2023-09-16 19:14:16","1","2023-09-23 06:49:29"
"922","9","2","4","70","0","2023-09-30 21:04:06","1","2023-10-23 17:20:21"
"922","10","2","5","55","0","2023-10-28 18:20:20","1","2023-11-03 15:13:40"
"922","10","4","2","95","0","2023-10-24 10:17:38","1","2023-10-28 08:56:14"
"922","11","5","2","0","0","2023-10-18 21:18:04","0",NULL
"922","12","7","6","100","0","2023-10-02 16:34:57","1","2023-10-25 14:10:14"
"932","3","4","10","100","0","2023-08-30 21:31:26","1","2023-09-19 11:58:55"
"932","3","8","8","0","0","2023-10-26 06:59:32","1","2023-10-26 10:37:26"
"932","4","3","8","30","0","2023-10-26 07:07:44","1","2023-10-26 11:05:00"
"942","3","4","10","100","0","2023-08-24 03:10:31","1","2023-08-26 13:58:53"
"943","3","4","10","100","0","2023-08-03 12:16:14","1","2023-08-22 17:21:07"
"943","3","8","8","100","0","2023-08-18 21:30:54","1","2023-08-22 17:21:07"
"943","4","3","8","100","0","2023-08-30 15:35:07","1","2023-08-31 03:39:39"
"943","5","4","8","0","0","2023-10-24 17:51:38","1","2023-10-25 06:36:04"
"943","7","2","6","100","0","2023-09-17 14:51:01","1","2023-10-23 09:58:58"
"956","3","4","10","0","0","2023-08-23 10:56:27","1","2023-08-26 13:44:26"
"957","4","3","8","40","0","2023-08-30 16:49:58","1","2023-08-31 03:42:15"
"964","3","4","10","99","0","2023-08-18 23:12:18","1","2023-08-22 17:21:07"
"969","3","4","10","100","0","2023-08-11 16:06:32","1","2023-08-22 17:21:07"
"969","3","8","8","100","0","2023-08-26 00:24:57","1","2023-08-31 22:42:37"
"986","3","4","10","99","0","2023-08-15 21:54:42","1","2023-08-22 17:21:07"
"986","3","8","8","100","0","2023-08-18 18:39:50","1","2023-08-22 17:21:07"
"986","4","3","8","100","0","2023-09-16 20:39:07","1","2023-09-19 11:58:59"
"986","7","2","6","100","0","2023-10-05 20:34:34","1","2023-10-25 04:12:57"
"989","3","4","10","100","0","2023-10-22 22:35:52","1","2023-10-25 06:44:03"
"989","3","8","8","45","0","2023-10-03 12:15:58","1","2023-10-17 08:40:13"
"990","3","4","10","98","0","2023-08-16 18:50:18","1","2023-08-22 17:21:07"
"996","3","4","10","98","0","2023-08-17 11:16:46","1","2023-08-22 17:21:07"
"996","3","8","8","100","0","2023-09-05 05:56:01","1","2023-09-05 08:30:08"
"996","4","3","8","100","0","2023-08-31 07:20:31","1","2023-09-01 15:12:10"
"1019","3","4","10","100","0","2023-08-13 09:18:24","1","2023-08-22 17:21:07"
"1019","3","8","8","100","0","2023-08-16 18:56:27","1","2023-08-22 17:21:07"
"1019","4","3","8","100","0","2023-08-27 16:34:19","1","2023-08-30 09:49:26"
"1019","5","4","8","100","0","2023-09-26 09:46:17","1","2023-10-23 07:46:56"
"1019","7","2","6","100","0","2023-10-21 12:40:17","1","2023-10-25 19:22:04"
"1020","3","4","10","90","0","2023-08-07 18:20:54","1","2023-08-22 17:21:07"
"1020","3","8","8","100","0","2023-08-16 11:48:02","1","2023-08-22 17:21:07"
"1020","4","3","8","100","0","2023-08-29 09:50:07","1","2023-08-30 16:19:29"
"1020","5","4","8","0","0","2023-09-20 11:06:44","1","2023-10-22 15:51:38"
"1022","3","4","10","80","0","2023-08-02 12:06:57","1","2023-08-22 17:21:07"
"1022","4","3","8","70","0","2023-09-24 17:30:58","1","2023-10-23 09:59:18"
"1022","5","4","8","40","0","2023-11-02 08:09:21","0","2023-10-23 05:47:48"
"1022","9","2","4","60","0","2023-09-28 20:03:12","1","2023-10-23 16:59:05"
"1022","12","7","6","100","0","2023-10-27 09:39:26","1","2023-10-31 15:04:53"
"1024","3","4","10","100","0","2023-08-09 20:14:03","1","2023-08-22 17:21:07"
"1024","3","8","8","45","0","2023-10-03 12:19:09","1","2023-10-17 08:43:57"
"1024","4","3","8","40","0","2023-09-20 22:08:19","1","2023-10-04 14:46:11"
"1027","4","3","8","0","0","2023-08-18 11:52:35","1","2023-08-22 17:21:07"
"1038","3","8","8","0","0","2023-09-10 06:36:45","1","2023-09-19 12:46:56"
"1040","4","3","8","80","0","2023-09-04 15:37:17","1","2023-09-19 10:02:11"
"1043","3","4","10","100","0","2023-08-02 18:15:08","1","2023-08-22 17:21:07"
"1043","3","8","8","10","0","2023-09-04 06:20:03","1","2023-09-05 08:10:43"
"1043","4","3","8","0","0","2023-08-04 11:44:43","1","2023-08-22 17:21:07"
"1047","3","4","10","79","0","2023-08-25 18:57:58","1","2023-08-26 14:39:17"
"1047","3","8","8","35","0","2023-09-10 23:15:36","1","2023-09-19 12:54:13"
"1059","3","4","10","100","0","2023-08-29 09:20:14","1","2023-09-19 11:00:15"
"1062","3","4","10","70","0","2023-08-19 16:34:01","1","2023-08-22 17:21:07"
"1085","3","4","10","70","0","2023-10-31 00:53:39","1","2023-11-02 18:07:14"
"1104","3","4","10","78","0","2023-08-19 18:24:23","1","2023-08-22 17:21:07"
"1104","3","8","8","100","0","2023-08-19 20:05:36","1","2023-08-22 17:21:07"
"1116","3","4","10","100","0","2023-08-13 16:00:03","1","2023-08-22 17:21:07"
"1116","3","8","8","45","0","2023-09-01 21:45:35","1","2023-09-03 15:34:20"
"1116","4","3","8","42","0","2023-08-26 14:49:10","1","2023-08-27 07:13:53"
"1118","3","4","10","100","0","2023-08-20 17:19:37","1","2023-08-22 17:21:07"
"1124","3","8","8","0","0","2023-08-23 22:15:33","1","2023-08-31 12:24:29"
"1128","3","4","10","80","0","2023-08-24 08:53:48","1","2023-08-26 14:04:14"
"1128","3","8","8","49","0","2023-08-29 09:17:10","1","2023-09-03 13:41:06"
"1128","4","3","8","49","0","2023-08-31 06:53:32","1","2023-09-01 15:09:22"
"1129","3","4","10","99","0","2023-08-15 03:30:22","1","2023-08-22 17:21:07"
"1129","3","8","8","0","0","2023-08-29 12:23:50","1","2023-09-03 13:44:04"
"1129","4","3","8","50","0","2023-08-27 06:40:28","1","2023-08-27 08:11:29"
"1134","3","4","10","100","0","2023-09-20 10:11:18","1","2023-10-01 10:48:51"
"1136","3","4","10","100","0","2023-08-05 02:10:35","1","2023-08-22 17:21:07"
"1138","3","4","10","0","0","2023-08-30 03:40:15","1","2023-09-19 11:53:47"
"1140","3","4","10","0","0","2023-09-07 21:30:38","1","2023-09-19 13:41:28"
"1146","3","4","10","90","0","2023-08-11 12:03:29","1","2023-08-22 17:21:07"
"1146","3","8","8","100","0","2023-08-13 18:23:02","1","2023-08-22 17:21:07"
"1146","4","3","8","90","0","2023-08-19 23:05:49","1","2023-08-22 17:21:07"
"1146","5","4","8","55","0","2023-09-13 11:26:05","1","2023-09-14 16:34:25"
"1147","3","4","10","90","0","2023-08-13 19:43:39","1","2023-08-22 17:21:07"
"1147","3","8","8","70","0","2023-08-17 20:52:05","1","2023-08-22 17:21:07"
"1160","3","4","10","73","0","2023-08-17 21:29:43","1","2023-08-22 17:21:07"
"1160","3","8","8","100","0","2023-08-19 20:23:04","1","2023-08-22 17:21:07"
"1160","4","3","8","40","0","2023-08-25 20:46:34","1","2023-08-27 07:06:40"
"1163","3","4","10","50","0","2023-08-01 12:43:35","1","2023-08-22 17:21:07"
"1171","3","4","10","85","0","2023-08-01 16:04:23","1","2023-08-22 17:21:07"
"1171","3","8","8","80","0","2023-08-18 20:32:19","1","2023-08-22 17:21:07"
"1172","3","4","10","0","0","2023-09-11 18:31:41","1","2023-09-19 15:18:44"
"1174","3","4","10","79","0","2023-08-20 16:15:43","1","2023-08-22 23:56:38"
"1174","3","8","8","70","0","2023-09-27 19:04:34","1","2023-09-27 20:08:11"
"1174","4","3","8","10","0","2023-10-12 19:35:19","1","2023-10-23 10:14:39"
"1180","3","4","10","0","0","2023-09-05 20:13:10","1","2023-09-19 13:35:27"
"1181","3","4","10","90","0","2023-08-10 03:08:38","1","2023-08-22 17:21:07"
"1181","3","8","8","85","0","2023-08-15 12:10:47","1","2023-08-22 17:21:07"
"1181","4","3","8","100","0","2023-08-31 22:44:37","1","2023-09-01 15:20:46"
"1185","3","4","10","98","0","2023-08-20 15:22:06","1","2023-08-22 23:51:38"
"1185","3","8","8","100","0","2023-08-20 23:50:42","1","2023-08-22 17:21:07"
"1185","7","2","6","100","0","2023-10-01 15:27:47","1","2023-10-25 03:32:39"
"1188","3","4","10","90","0","2023-08-12 02:35:58","1","2023-08-22 17:21:07"
"1188","3","8","8","100","0","2023-08-17 21:39:10","1","2023-08-22 17:21:07"
"1188","4","3","8","100","0","2023-08-27 19:24:51","1","2023-08-30 09:51:29"
"1190","3","4","10","90","0","2023-08-05 01:16:17","1","2023-08-22 17:21:07"
"1190","3","8","8","100","0","2023-08-16 13:08:41","1","2023-08-22 17:21:07"
"1190","4","3","8","100","0","2023-08-29 18:23:54","1","2023-08-31 03:24:34"
"1190","5","4","8","49","0","2023-10-25 17:36:03","0","2023-10-25 06:32:50"
"1190","7","2","6","90","0","2023-10-07 23:40:49","1","2023-10-25 19:00:59"
"1195","3","4","10","80","0","2023-08-10 22:52:49","1","2023-08-22 17:21:07"
"1195","3","8","8","100","0","2023-08-18 12:11:50","1","2023-08-22 17:21:07"
"1195","4","3","8","0","0","2023-08-24 19:45:16","1","2023-08-27 06:46:04"
"1199","3","4","10","100","0","2023-08-10 13:07:52","1","2023-08-22 17:21:07"
"1199","3","8","8","70","0","2023-08-19 09:24:03","1","2023-08-22 17:21:07"
"1199","4","3","8","80","0","2023-08-29 22:51:32","1","2023-08-31 03:30:55"
"1201","3","4","10","75","0","2023-08-22 01:38:01","1","2023-08-23 01:34:34"
"1201","4","3","8","0","0","2023-11-04 22:45:14","0",NULL
"1208","3","8","8","20","0","2023-08-17 12:19:30","1","2023-08-22 17:21:07"
"1209","3","4","10","60","0","2023-08-08 11:03:34","1","2023-08-22 17:21:07"
"1209","3","8","8","70","0","2023-08-14 10:36:12","1","2023-08-22 17:21:07"
"1209","4","3","8","70","0","2023-08-16 15:56:53","1","2023-08-22 17:21:07"
"1211","3","4","10","0","0","2023-11-02 18:53:15","1","2023-11-04 08:12:31"
"1216","3","4","10","58","0","2023-08-21 00:04:44","1","2023-08-23 01:14:00"
"1223","3","4","10","99","0","2023-08-11 15:53:27","1","2023-08-22 17:21:07"
"1223","3","8","8","0","0","2023-08-21 14:40:30","1","2023-08-22 17:21:07"
"1225","3","4","10","100","0","2023-08-07 22:53:01","1","2023-08-22 17:21:07"
"1225","3","8","8","0","0","2023-08-27 18:28:49","1","2023-09-02 09:47:57"
"1227","3","4","10","90","0","2023-08-22 22:32:02","1","2023-08-23 01:49:36"
"1227","3","8","8","0","0","2023-08-20 08:58:07","1","2023-08-22 17:21:07"
"1240","3","4","10","75","0","2023-09-09 13:32:55","1","2023-09-19 13:42:55"
"1240","3","8","8","60","0","2023-09-19 21:28:14","1","2023-09-20 04:41:42"
"1243","3","4","10","100","0","2023-08-06 11:06:27","1","2023-08-22 17:21:07"
"1243","3","8","8","100","0","2023-08-19 16:34:03","1","2023-08-22 17:21:07"
"1244","3","4","10","100","0","2023-09-22 21:30:39","1","2023-10-01 11:57:46"
"1252","3","4","10","79","0","2023-08-16 00:07:14","1","2023-08-22 17:21:07"
"1252","3","8","8","100","0","2023-08-20 19:54:17","1","2023-08-22 17:21:07"
"1252","4","3","8","100","0","2023-08-29 12:17:38","1","2023-08-30 16:20:43"
"1252","5","4","8","49","0","2023-11-02 00:44:54","0","2023-10-23 09:01:43"
"1253","3","4","10","98","0","2023-08-12 13:50:06","1","2023-08-22 17:21:07"
"1253","3","8","8","10","0","2023-08-21 12:44:48","1","2023-08-22 17:21:07"
"1253","9","2","4","100","0","2023-08-25 21:05:04","1","2023-09-19 11:04:26"
"1253","10","2","5","90","0","2023-08-13 00:47:09","1","2023-09-19 10:22:11"
"1257","3","4","10","100","0","2023-08-19 19:12:39","1","2023-08-22 17:21:07"
"1257","3","8","8","100","0","2023-09-19 23:47:50","1","2023-09-20 04:43:36"
"1257","4","3","8","100","0","2023-09-15 15:06:39","1","2023-09-19 11:07:24"
"1262","3","4","10","100","0","2023-09-26 17:22:10","1","2023-10-15 09:43:36"
"1269","3","4","10","78","0","2023-08-18 15:48:43","1","2023-08-22 17:21:07"
"1272","3","4","10","100","0","2023-08-14 13:30:09","1","2023-08-22 17:21:07"
"1272","3","8","8","100","0","2023-09-04 06:27:55","1","2023-09-05 08:11:51"
"1272","4","3","8","40","0","2023-08-20 14:30:17","1","2023-08-27 04:28:54"
"1272","5","4","8","0","0","2023-09-16 21:24:32","1","2023-09-19 16:10:59"
"1272","7","2","6","100","0","2023-09-26 13:59:24","1","2023-10-25 03:08:06"
"1272","9","2","4","60","0","2023-09-29 22:02:13","1","2023-10-23 17:02:40"
"1273","3","4","10","0","0","2023-08-22 11:52:43","1","2023-08-23 01:39:21"
"1273","3","8","8","20","0","2023-08-22 11:52:55","1","2023-08-23 05:49:47"
"1278","3","4","10","100","0","2023-08-09 16:54:53","1","2023-08-22 17:21:07"
"1278","3","8","8","100","0","2023-08-15 11:42:42","1","2023-08-22 17:21:07"
"1278","4","3","8","100","0","2023-09-04 16:10:16","1","2023-09-19 10:05:12"
"1278","5","4","8","100","0","2023-09-14 15:45:41","1","2023-09-17 08:44:18"
"1278","7","2","6","70","0","2023-09-22 13:16:42","1","2023-10-24 21:42:28"
"1279","3","4","10","78","0","2023-08-17 08:15:45","1","2023-08-22 17:21:07"
"1279","3","8","8","100","0","2023-08-20 09:50:55","1","2023-08-22 17:21:07"
"1279","4","3","8","100","0","2023-08-26 07:53:23","1","2023-08-27 07:11:55"
"1279","5","4","8","30","0","2023-09-18 00:30:55","1","2023-09-19 16:57:21"
"1280","3","4","10","53","0","2023-08-14 15:19:37","1","2023-08-22 17:21:07"
"1289","3","4","10","100","0","2023-08-18 23:10:57","1","2023-08-22 17:21:07"
"1291","3","4","10","93","0","2023-08-13 20:55:34","1","2023-08-22 17:21:07"
"1291","3","8","8","100","0","2023-08-18 19:37:05","1","2023-08-22 17:21:07"
"1291","4","3","8","100","0","2023-08-25 18:44:50","1","2023-08-27 07:04:05"
"1291","5","4","8","70","0","2023-09-15 19:02:34","1","2023-09-19 13:42:39"
"1291","7","2","6","100","0","2023-09-23 21:14:32","1","2023-10-24 21:46:08"
"1291","9","2","4","80","0","2023-10-26 22:41:55","1","2023-10-29 10:57:21"
"1291","11","5","2","0","0","2023-11-03 22:06:46","0",NULL
"1291","12","7","6","100","0","2023-10-25 20:51:58","1","2023-10-26 11:30:31"
"1304","3","8","8","40","0","2023-09-12 17:58:55","1","2023-09-19 13:05:09"
"1305","3","4","10","99","0","2023-08-19 21:16:57","1","2023-08-22 17:21:07"
"1305","3","8","8","100","0","2023-08-16 23:28:47","1","2023-08-22 17:21:07"
"1305","4","3","8","70","0","2023-08-19 21:17:01","1","2023-08-22 17:21:07"
"1305","5","4","8","70","0","2023-09-13 23:01:45","1","2023-09-15 21:53:21"
"1305","7","2","6","60","0","2023-09-17 02:13:49","1","2023-10-22 14:36:12"
"1305","9","2","4","80","0","2023-09-13 22:35:05","1","2023-09-19 11:34:38"
"1305","10","2","5","70","0","2023-10-20 22:21:39","1","2023-11-03 15:01:21"
"1305","10","4","2","90","0","2023-10-24 01:42:19","1","2023-10-28 08:53:22"
"1305","11","5","2","0","0","2023-10-09 11:36:59","0",NULL
"1305","12","7","6","100","0","2023-09-27 13:39:58","1","2023-10-25 13:27:56"
"1307","3","4","10","78","0","2023-08-16 21:11:42","1","2023-08-22 17:21:07"
"1307","3","8","8","10","0","2023-08-21 11:32:21","1","2023-08-22 17:21:07"
"1309","3","8","8","0","0","2023-09-29 05:26:04","1","2023-10-03 09:38:48"
"1309","4","3","8","60","0","2023-08-16 08:19:03","1","2023-08-22 17:21:07"
"1309","7","2","6","95","0","2023-09-30 10:04:23","1","2023-10-25 03:23:10"
"1309","9","2","4","60","0","2023-09-30 10:09:06","1","2023-10-23 17:04:07"
"1310","3","4","10","58","0","2023-08-17 21:54:54","1","2023-08-22 17:21:07"
"1310","3","8","8","70","0","2023-08-20 22:12:45","1","2023-08-22 17:21:07"
"1310","4","3","8","49","0","2023-08-29 16:53:06","1","2023-08-31 03:24:02"
"1312","3","4","10","99","0","2023-08-16 08:51:40","1","2023-08-22 17:21:07"
"1312","3","8","8","100","0","2023-09-01 08:05:31","1","2023-09-05 07:56:12"
"1312","4","3","8","100","0","2023-09-01 11:11:38","1","2023-09-01 15:24:58"
"1314","3","4","10","80","0","2023-08-14 12:35:52","1","2023-08-22 17:21:07"
"1314","3","8","8","51","0","2023-09-01 15:47:38","1","2023-09-03 15:25:50"
"1314","4","3","8","100","0","2023-08-28 08:38:06","1","2023-08-30 09:58:04"
"1314","5","4","8","60","0","2023-09-19 09:24:07","1","2023-09-19 18:39:01"
"1319","3","4","10","98","0","2023-08-23 18:59:52","1","2023-08-26 13:49:19"
"1319","3","8","8","51","0","2023-08-27 03:05:29","1","2023-09-02 09:26:09"
"1319","4","3","8","100","0","2023-09-01 04:34:10","1","2023-09-01 15:23:37"
"1319","5","4","8","0","0","2023-09-15 05:28:12","1","2023-09-19 13:33:09"
"1322","3","4","10","100","0","2023-08-05 01:04:38","1","2023-08-22 17:21:07"
"1330","3","4","10","78","0","2023-08-12 11:20:57","1","2023-08-22 17:21:07"
"1330","3","8","8","100","0","2023-08-20 03:59:34","1","2023-08-22 17:21:07"
"1330","4","3","8","100","0","2023-09-21 22:57:07","1","2023-10-04 15:02:34"
"1337","3","4","10","70","0","2023-08-18 21:20:59","1","2023-08-22 17:21:07"
"1337","3","8","8","100","0","2023-08-24 02:01:30","1","2023-08-31 12:43:20"
"1346","3","4","10","85","0","2023-08-07 05:46:44","1","2023-08-22 17:21:07"
"1346","3","8","8","99","0","2023-08-22 17:56:26","1","2023-08-23 06:00:18"
"1346","4","3","8","80","0","2023-08-27 08:49:12","1","2023-08-30 09:37:01"
"1346","5","4","8","10","0","2023-09-02 16:24:48","1","2023-09-10 15:08:15"
"1347","3","4","10","75","0","2023-09-19 11:36:34","1","2023-09-19 16:03:39"
"1347","3","8","8","100","0","2023-08-19 06:19:32","1","2023-08-22 17:21:07"
"1348","3","4","10","100","0","2023-08-10 09:05:52","1","2023-08-22 17:21:07"
"1348","3","8","8","100","0","2023-09-02 12:39:36","1","2023-09-03 16:00:06"
"1348","4","3","8","100","0","2023-08-31 09:03:22","1","2023-09-01 15:15:12"
"1348","5","4","8","10","0","2023-10-25 12:14:18","0","2023-10-23 09:53:39"
"1348","7","2","6","50","0","2023-10-25 19:59:51","0","2023-10-25 19:25:01"
"1350","3","8","8","20","0","2023-09-17 05:32:44","1","2023-09-19 14:08:08"
"1350","4","3","8","100","0","2023-08-30 12:47:32","1","2023-08-31 03:37:17"
"1350","5","4","8","80","0","2023-10-20 16:45:06","1","2023-10-23 09:31:28"
"1350","7","2","6","0","0","2023-11-03 19:35:49","0","2023-10-25 19:15:31"
"1350","9","2","4","55","0","2023-11-03 13:53:51","0","2023-10-24 08:49:05"
"1361","3","4","10","98","0","2023-08-13 22:59:16","1","2023-08-22 17:21:07"
"1371","3","4","10","70","0","2023-08-10 02:36:34","1","2023-08-22 17:21:07"
"1371","3","8","8","100","0","2023-08-10 02:35:49","1","2023-08-22 17:21:07"
"1371","4","3","8","70","0","2023-09-03 18:13:37","1","2023-09-19 09:24:10"
"1377","3","4","10","100","0","2023-08-13 17:45:19","1","2023-08-22 17:21:07"
"1377","3","8","8","50","0","2023-08-18 18:53:59","1","2023-08-22 17:21:07"
"1377","4","3","8","100","0","2023-08-30 18:55:54","1","2023-08-31 03:46:32"
"1377","5","4","8","0","0","2023-09-27 17:39:54","1","2023-10-23 08:03:56"
"1377","7","2","6","100","0","2023-09-24 15:22:15","1","2023-10-24 21:56:24"
"1388","3","4","10","95","0","2023-08-03 18:15:50","1","2023-08-22 17:21:07"
"1388","3","8","8","80","0","2023-08-18 18:35:17","1","2023-08-22 17:21:07"
"1388","4","3","8","100","0","2023-09-13 23:24:13","1","2023-09-19 11:01:52"
"1388","5","4","8","0","0","2023-11-05 07:23:44","0",NULL
"1388","7","2","6","0","0","2023-11-04 15:36:55","0",NULL
"1388","9","2","4","0","0","2023-11-04 16:44:39","0",NULL
"1388","12","7","6","0","0","2023-11-04 16:53:18","0",NULL
"1390","3","4","10","100","0","2023-08-07 15:57:41","1","2023-08-22 17:21:07"
"1390","3","8","8","100","0","2023-08-16 18:51:55","1","2023-08-22 17:21:07"
"1390","4","3","8","100","0","2023-09-01 01:47:10","1","2023-09-01 15:22:44"
"1390","5","4","8","0","0","2023-09-19 22:40:33","1","2023-10-22 12:15:14"
"1395","3","4","10","98","0","2023-08-13 22:25:42","1","2023-08-22 17:21:07"
"1395","3","8","8","0","0","2023-08-25 22:53:40","1","2023-08-31 22:40:34"
"1401","3","4","10","99","0","2023-08-17 17:02:48","1","2023-08-22 17:21:07"
"1407","3","4","10","0","0","2023-08-23 12:20:04","1","2023-08-26 13:44:56"
"1410","3","4","10","98","0","2023-08-24 17:09:55","1","2023-08-26 14:25:24"
"1410","3","8","8","100","0","2023-09-04 04:24:24","1","2023-09-05 08:08:23"
"1410","4","3","8","100","0","2023-08-29 22:31:31","1","2023-08-31 03:29:43"
"1411","3","4","10","0","0","2023-08-20 18:40:40","1","2023-08-23 01:09:17"
"1412","3","4","10","99","0","2023-08-16 19:15:53","1","2023-08-22 17:21:07"
"1412","3","8","8","70","0","2023-08-20 19:46:31","1","2023-08-22 17:21:07"
"1417","3","4","10","78","0","2023-08-15 02:20:00","1","2023-08-22 17:21:07"
"1418","3","4","10","100","0","2023-09-14 21:43:13","1","2023-09-19 16:20:43"
"1424","3","4","10","99","0","2023-08-11 22:54:34","1","2023-08-22 17:21:07"
"1424","3","8","8","0","0","2023-10-25 16:58:45","1","2023-10-26 10:36:18"
"1424","4","3","8","0","0","2023-10-25 16:59:28","1","2023-10-26 11:04:05"
"1426","3","4","10","73","0","2023-08-20 17:24:59","1","2023-08-22 23:58:33"
"1429","3","4","10","78","0","2023-08-15 02:55:07","1","2023-08-22 17:21:07"
"1432","3","4","10","88","0","2023-08-15 15:49:50","1","2023-08-22 17:21:07"
"1434","3","4","10","78","0","2023-08-11 22:41:44","1","2023-08-22 17:21:07"
"1434","3","8","8","100","0","2023-08-15 21:42:24","1","2023-08-22 17:21:07"
"1434","4","3","8","100","0","2023-09-01 20:06:55","1","2023-09-03 09:20:56"
"1434","5","4","8","0","0","2023-09-28 21:04:36","1","2023-10-23 08:17:00"
"1435","3","4","10","75","0","2023-09-18 15:31:16","1","2023-09-19 16:10:38"
"1435","3","8","8","100","0","2023-09-19 15:11:10","1","2023-09-20 04:28:11"
"1435","4","3","8","100","0","2023-09-18 15:37:50","1","2023-09-19 12:00:03"
"1435","5","4","8","80","0","2023-09-18 16:20:01","1","2023-09-19 18:23:45"
"1452","3","4","10","0","0","2023-08-29 21:37:31","1","2023-09-19 11:50:03"
"1452","3","8","8","60","0","2023-09-22 11:55:13","1","2023-09-27 15:33:42"
"1452","4","3","8","100","0","2023-09-12 00:19:10","1","2023-09-19 10:49:18"
"1456","3","4","10","98","0","2023-08-19 16:30:20","1","2023-08-22 17:21:07"
"1456","3","8","8","0","0","2023-08-30 22:19:07","1","2023-09-03 15:02:39"
"1459","3","4","10","99","0","2023-08-17 19:09:07","1","2023-08-22 17:21:07"
"1459","3","8","8","70","0","2023-08-23 12:56:31","1","2023-08-31 12:20:09"
"1459","4","3","8","80","0","2023-08-24 13:03:39","1","2023-08-27 06:42:42"
"1459","5","4","8","49","0","2023-09-24 23:29:20","1","2023-10-23 06:30:59"
"1463","3","4","10","99","0","2023-08-09 15:51:36","1","2023-08-22 17:21:07"
"1463","3","8","8","0","0","2023-08-20 19:56:44","1","2023-08-22 17:21:07"
"1474","3","4","10","80","0","2023-08-08 00:11:18","1","2023-08-22 17:21:07"
"1474","3","8","8","0","0","2023-08-20 20:16:29","1","2023-08-22 17:21:07"
"1477","3","4","10","73","0","2023-08-20 14:21:18","1","2023-08-22 23:49:30"
"1477","3","8","8","20","0","2023-09-07 17:16:20","1","2023-09-19 11:43:32"
"1482","3","4","10","80","0","2023-08-07 21:21:28","1","2023-08-22 17:21:07"
"1482","3","8","8","10","0","2023-08-24 06:29:44","1","2023-08-31 12:48:47"
"1482","4","3","8","40","0","2023-08-25 18:24:19","1","2023-08-27 07:03:18"
"1484","3","4","10","100","0","2023-09-25 06:33:27","1","2023-10-15 09:32:13"
"1486","3","4","10","98","0","2023-08-12 07:52:58","1","2023-08-22 17:21:07"
"1486","3","8","8","15","0","2023-09-20 17:23:23","1","2023-09-27 15:05:29"
"1486","4","3","8","100","0","2023-08-31 07:21:29","1","2023-09-01 15:12:46"
"1489","3","4","10","58","0","2023-08-17 16:25:19","1","2023-08-22 17:21:07"
"1489","3","8","8","70","0","2023-08-17 16:22:49","1","2023-08-22 17:21:07"
"1489","4","3","8","49","0","2023-09-03 21:36:53","1","2023-09-19 09:27:17"
"1497","3","4","10","100","0","2023-08-28 20:47:28","1","2023-09-19 10:52:53"
"1514","3","4","10","80","0","2023-08-13 02:05:43","1","2023-08-22 17:21:07"
"1524","3","4","10","78","0","2023-08-13 23:02:00","1","2023-08-22 17:21:07"
"1524","3","8","8","35","0","2023-09-20 16:22:46","1","2023-09-27 15:01:51"
"1524","4","3","8","100","0","2023-08-25 21:47:53","1","2023-08-27 07:10:31"
"1524","5","4","8","49","0","2023-09-15 22:38:18","1","2023-09-19 13:51:27"
"1524","7","2","6","100","0","2023-09-18 16:16:45","1","2023-10-23 14:07:14"
"1524","9","2","4","80","0","2023-09-24 06:58:29","1","2023-10-23 16:31:37"
"1526","3","4","10","78","0","2023-08-19 20:57:09","1","2023-08-22 17:21:07"
"1526","9","2","4","10","0","2023-09-14 21:35:29","1","2023-09-19 11:50:23"
"1528","3","4","10","51","0","2023-08-21 20:32:49","1","2023-08-23 01:25:26"
"1528","3","8","8","100","0","2023-08-20 19:55:22","1","2023-08-22 17:21:07"
"1528","4","3","8","100","0","2023-10-23 14:01:16","1","2023-10-26 10:36:02"
"1528","5","4","8","0","0","2023-11-02 13:41:03","0",NULL
"1528","7","2","6","0","0","2023-10-30 00:41:08","0",NULL
"1529","3","4","10","99","0","2023-08-12 12:07:23","1","2023-08-22 17:21:07"
"1539","3","4","10","100","0","2023-08-06 22:55:00","1","2023-08-22 17:21:07"
"1550","3","4","10","56","0","2023-08-13 19:10:35","1","2023-08-22 17:21:07"
"1564","3","4","10","99","0","2023-08-15 00:21:09","1","2023-08-22 17:21:07"
"1564","3","8","8","100","0","2023-08-20 13:04:17","1","2023-08-22 17:21:07"
"1564","4","3","8","100","0","2023-09-06 17:02:03","1","2023-09-19 10:26:04"
"1565","3","4","10","78","0","2023-08-20 09:38:24","1","2023-08-22 23:40:36"
"1565","3","8","8","0","0","2023-08-20 09:49:35","1","2023-08-22 17:21:07"
"1566","3","4","10","73","0","2023-08-24 08:55:11","1","2023-08-26 14:05:57"
"1566","3","8","8","60","0","2023-08-24 06:20:49","1","2023-08-31 12:47:44"
"1566","4","3","8","10","0","2023-09-20 03:07:28","1","2023-10-23 09:57:28"
"1566","5","4","8","4","0","2023-09-11 04:02:20","1","2023-09-12 16:19:38"
"1576","3","4","10","60","0","2023-08-06 23:33:04","1","2023-08-22 17:21:07"
"1577","3","4","10","53","0","2023-08-16 10:29:10","1","2023-08-22 17:21:07"
"1583","3","4","10","100","0","2023-08-07 08:44:04","1","2023-08-22 17:21:07"
"1583","3","8","8","95","0","2023-08-12 00:08:06","1","2023-08-22 17:21:07"
"1583","4","3","8","80","0","2023-08-19 00:09:19","1","2023-08-27 04:13:09"
"1583","5","4","8","100","0","2023-09-24 01:46:05","1","2023-10-23 06:24:14"
"1583","7","2","6","0","0","2023-10-01 21:19:36","1","2023-10-25 03:34:38"
"1583","9","2","4","70","0","2023-09-28 01:05:38","1","2023-10-23 16:47:42"
"1583","11","5","2","0","0","2023-10-15 09:20:54","0",NULL
"1583","12","7","6","0","0","2023-10-05 00:20:05","1","2023-10-25 14:14:36"
"1588","3","4","10","78","0","2023-08-20 21:09:11","1","2023-08-23 01:11:36"
"1588","3","8","8","0","0","2023-08-20 21:06:43","1","2023-08-22 17:21:07"
"1590","3","4","10","95","0","2023-08-03 12:17:56","1","2023-08-22 17:21:07"
"1590","3","8","8","60","0","2023-08-19 20:19:18","1","2023-08-22 17:21:07"
"1594","3","4","10","58","0","2023-08-09 23:37:07","1","2023-08-22 17:21:07"
"1594","3","8","8","60","0","2023-08-19 18:56:10","1","2023-08-22 17:21:07"
"1594","4","3","8","100","0","2023-09-01 13:16:29","1","2023-09-01 15:26:54"
"1594","5","4","8","100","0","2023-09-23 08:17:35","1","2023-10-23 05:54:10"
"1594","7","2","6","100","0","2023-09-24 21:27:15","1","2023-10-25 03:03:02"
"1594","9","2","4","70","0","2023-10-26 15:24:57","1","2023-10-29 10:55:00"
"1601","3","4","10","78","0","2023-08-15 09:31:50","1","2023-08-22 17:21:07"
"1602","3","4","10","98","0","2023-08-12 18:23:44","1","2023-08-22 17:21:07"
"1602","3","8","8","100","0","2023-08-18 18:53:05","1","2023-08-22 17:21:07"
"1602","4","3","8","100","0","2023-08-30 17:37:51","1","2023-08-31 03:43:33"
"1602","5","4","8","10","0","2023-09-20 05:26:23","1","2023-10-22 15:48:48"
"1602","7","2","6","85","0","2023-10-03 12:04:22","1","2023-10-25 04:00:50"
"1605","3","4","10","0","0","2023-08-26 18:48:05","1","2023-09-19 10:38:08"
"1605","3","8","8","100","0","2023-08-26 18:40:05","1","2023-09-02 09:22:46"
"1605","4","3","8","95","0","2023-08-27 10:49:10","1","2023-08-30 09:40:45"
"1610","3","4","10","95","0","2023-08-23 14:32:32","1","2023-08-26 13:47:42"
"1610","3","8","8","100","0","2023-08-20 13:33:39","1","2023-08-22 17:21:07"
"1610","4","3","8","85","0","2023-09-04 10:16:40","1","2023-09-19 09:53:03"
"1610","5","4","8","0","0","2023-09-25 18:23:02","1","2023-10-23 07:12:47"
"1612","3","4","10","100","0","2023-08-29 16:06:51","1","2023-09-19 11:02:51"
"1612","3","8","8","80","0","2023-10-18 21:25:39","1","2023-10-23 08:15:29"
"1612","4","3","8","100","0","2023-08-29 16:09:43","1","2023-08-31 03:23:09"
"1612","5","4","8","100","0","2023-09-20 15:39:57","1","2023-10-22 16:52:40"
"1612","7","2","6","100","0","2023-09-22 04:16:03","1","2023-10-24 21:40:57"
"1612","9","2","4","90","0","2023-10-24 20:39:03","1","2023-10-25 10:56:03"
"1612","10","2","5","70","0","2023-11-04 21:06:32","0","2023-11-03 15:17:56"
"1612","12","7","6","100","0","2023-10-26 19:01:56","1","2023-10-31 14:54:24"
"1614","3","4","10","99","0","2023-08-19 17:46:39","1","2023-08-22 17:21:07"
"1614","3","8","8","70","0","2023-09-21 14:25:06","1","2023-09-27 15:17:36"
"1614","4","3","8","49","0","2023-08-30 18:27:23","1","2023-08-31 03:44:58"
"1616","3","4","10","0","0","2023-08-20 13:35:37","1","2023-08-22 23:42:22"
"1616","3","8","8","10","0","2023-08-20 17:07:02","1","2023-08-22 17:21:07"
"1625","3","4","10","70","0","2023-08-21 22:26:57","1","2023-08-23 01:32:33"
"1628","3","4","10","78","0","2023-08-26 13:24:54","1","2023-08-26 14:56:31"
"1628","3","8","8","20","0","2023-09-09 15:54:36","1","2023-09-19 12:05:21"
"1628","4","3","8","100","0","2023-09-02 08:48:03","1","2023-09-03 09:52:57"
"1634","3","4","10","78","0","2023-08-09 16:12:54","1","2023-08-22 17:21:07"
"1634","3","8","8","100","0","2023-08-16 12:26:26","1","2023-08-22 17:21:07"
"1634","4","3","8","100","0","2023-09-02 15:35:07","1","2023-09-03 11:38:40"
"1634","5","4","8","20","0","2023-10-23 13:28:55","1","2023-10-25 06:25:57"
"1634","7","2","6","100","0","2023-10-03 10:19:36","1","2023-10-25 03:57:59"
"1634","9","2","4","70","0","2023-10-07 08:31:56","1","2023-10-24 08:43:16"
"1638","3","4","10","58","0","2023-08-17 14:04:29","1","2023-08-22 17:21:07"
"1644","3","4","10","98","0","2023-08-17 04:18:15","1","2023-08-22 17:21:07"
"1648","3","4","10","98","0","2023-08-17 11:58:04","1","2023-08-22 17:21:07"
"1648","3","8","8","80","0","2023-08-17 15:30:58","1","2023-08-22 17:21:07"
"1648","4","3","8","100","0","2023-09-12 12:14:17","1","2023-09-19 11:00:08"
"1648","7","2","6","95","0","2023-10-19 14:51:51","1","2023-10-25 19:11:29"
"1654","3","4","10","100","0","2023-08-27 06:46:28","1","2023-09-19 10:57:43"
"1679","3","4","10","98","0","2023-08-15 14:40:54","1","2023-08-22 17:21:07"
"1679","3","8","8","100","0","2023-08-22 02:08:25","1","2023-08-23 05:44:31"
"1679","4","3","8","50","0","2023-08-25 03:16:33","1","2023-08-27 06:47:11"
"1679","5","4","8","49","0","2023-09-21 16:41:19","1","2023-10-22 17:09:22"
"1679","7","2","6","90","0","2023-09-23 08:20:17","1","2023-10-24 21:45:09"
"1697","3","4","10","0","0","2023-10-07 00:38:02","1","2023-10-15 09:54:13"
"1697","3","8","8","25","0","2023-09-28 02:32:15","1","2023-10-03 09:26:35"
"1702","3","4","10","100","0","2023-09-03 20:50:18","1","2023-09-19 13:03:58"
"1702","3","8","8","20","0","2023-09-08 01:58:37","1","2023-09-19 12:02:52"
"1713","3","4","10","97","0","2023-08-12 00:11:04","1","2023-08-22 17:21:07"
"1718","3","4","10","99","0","2023-08-25 20:16:11","1","2023-08-26 14:41:03"
"1718","3","8","8","0","0","2023-09-02 18:27:35","1","2023-09-05 08:00:46"
"1739","3","4","10","70","0","2023-08-07 14:24:27","1","2023-08-22 17:21:07"
"1739","3","8","8","100","0","2023-08-14 19:11:44","1","2023-08-22 17:21:07"
"1739","4","3","8","100","0","2023-08-28 18:31:38","1","2023-08-30 16:04:02"
"1739","5","4","8","100","0","2023-10-25 14:23:08","1","2023-11-01 09:57:26"
"1739","7","2","6","75","0","2023-09-24 14:58:34","1","2023-10-24 21:48:46"
"1739","9","2","4","40","0","2023-09-27 01:56:01","1","2023-10-23 16:41:02"
"1741","3","4","10","79","0","2023-08-25 13:42:40","1","2023-08-26 14:34:59"
"1741","3","8","8","80","0","2023-09-23 11:17:39","1","2023-09-27 15:48:33"
"1741","4","3","8","100","0","2023-10-27 14:32:43","1","2023-10-31 14:20:02"
"1753","3","4","10","80","0","2023-08-23 19:58:34","1","2023-08-26 13:55:35"
"1753","3","8","8","0","0","2023-08-27 22:28:56","1","2023-09-03 13:32:30"
"1755","3","4","10","30","0","2023-08-19 10:23:14","1","2023-08-22 17:21:07"
"1761","3","4","10","100","0","2023-08-07 21:18:01","1","2023-08-22 17:21:07"
"1761","3","8","8","100","0","2023-08-18 13:35:50","1","2023-08-22 17:21:07"
"1761","4","3","8","50","0","2023-08-25 13:22:23","1","2023-08-27 06:50:50"
"1761","5","4","8","30","0","2023-10-29 15:06:45","0","2023-10-23 08:48:25"
"1761","7","2","6","100","0","2023-10-16 12:04:52","1","2023-10-25 19:06:44"
"1761","9","2","4","80","0","2023-10-30 13:47:24","1","2023-11-01 09:57:15"
"1767","3","4","10","78","0","2023-08-19 00:24:20","1","2023-08-22 17:21:07"
"1767","3","8","8","100","0","2023-08-24 04:13:28","1","2023-08-31 12:44:17"
"1767","4","3","8","100","0","2023-09-20 09:26:37","1","2023-10-23 09:58:09"
"1770","3","4","10","98","0","2023-08-21 18:04:57","1","2023-08-23 01:18:07"
"1770","3","8","8","20","0","2023-09-01 05:44:05","1","2023-09-03 15:21:47"
"1770","4","3","8","0","0","2023-09-01 17:01:39","1","2023-09-03 08:51:56"
"1773","3","4","10","100","0","2023-08-10 18:50:39","1","2023-08-22 17:21:07"
"1773","3","8","8","70","0","2023-08-20 09:18:07","1","2023-08-22 17:21:07"
"1773","4","3","8","80","0","2023-09-05 20:49:33","1","2023-09-19 10:22:50"
"1775","3","4","10","98","0","2023-08-19 20:18:10","1","2023-08-22 17:21:07"
"1775","3","8","8","40","0","2023-09-05 14:57:12","1","2023-09-19 11:09:51"
"1775","4","3","8","100","0","2023-10-02 11:07:47","1","2023-10-23 10:04:57"
"1781","3","4","10","99","0","2023-08-26 04:55:57","1","2023-08-26 14:52:15"
"1781","3","8","8","40","0","2023-09-01 23:48:30","1","2023-09-03 15:48:03"
"1781","4","3","8","100","0","2023-09-02 00:04:14","1","2023-09-03 09:46:23"
"1786","3","4","10","75","0","2023-09-19 22:27:11","1","2023-09-20 07:51:53"
"1786","3","8","8","15","0","2023-10-03 18:25:51","1","2023-10-17 08:46:18"
"1786","4","3","8","49","0","2023-09-19 22:14:34","1","2023-10-23 09:56:27"
"1786","5","4","8","0","0","2023-09-28 18:42:05","1","2023-10-23 08:11:52"
"1786","7","2","6","70","0","2023-10-03 21:53:01","1","2023-10-25 04:09:28"
"1789","3","4","10","100","0","2023-09-05 17:26:08","1","2023-09-19 13:25:56"
"1791","3","4","10","98","0","2023-08-12 15:18:56","1","2023-08-22 17:21:07"
"1791","3","8","8","100","0","2023-08-23 10:44:59","1","2023-08-31 12:14:07"
"1791","4","3","8","100","0","2023-09-01 18:54:52","1","2023-09-03 09:18:50"
"1791","5","4","8","20","0","2023-09-29 21:17:46","1","2023-10-23 08:26:30"
"1809","3","4","10","98","0","2023-08-22 11:54:35","1","2023-08-23 01:42:46"
"1810","3","4","10","99","0","2023-08-09 16:29:21","1","2023-08-22 17:21:07"
"1810","3","8","8","100","0","2023-08-19 16:23:02","1","2023-08-22 17:21:07"
"1810","4","3","8","10","0","2023-09-19 18:17:52","1","2023-10-23 09:55:32"
"1810","5","4","8","51","0","2023-09-16 22:55:27","1","2023-09-19 16:15:42"
"1810","7","2","6","100","0","2023-09-18 23:25:20","1","2023-10-23 15:39:52"
"1818","3","4","10","0","0","2023-08-21 17:52:22","1","2023-08-23 01:16:22"
"1819","3","4","10","98","0","2023-08-14 16:38:12","1","2023-08-22 17:21:07"
"1819","3","8","8","90","0","2023-08-21 15:05:28","1","2023-08-22 17:21:07"
"1819","4","3","8","95","0","2023-08-28 16:51:23","1","2023-08-30 09:58:50"
"1819","5","4","8","0","0","2023-09-05 18:34:08","1","2023-09-10 15:40:42"
"1824","3","4","10","99","0","2023-08-20 10:35:45","1","2023-08-22 23:41:50"
"1826","3","4","10","98","0","2023-08-24 21:09:58","1","2023-08-26 14:26:22"
"1826","3","8","8","100","0","2023-09-02 14:58:44","1","2023-09-03 16:01:42"
"1826","4","3","8","20","0","2023-09-29 10:38:47","1","2023-10-23 10:02:27"
"1826","5","4","8","30","0","2023-10-20 14:55:22","1","2023-10-23 09:04:38"
"1836","3","4","10","98","0","2023-08-16 19:04:27","1","2023-08-22 17:21:07"
"1836","3","8","8","100","0","2023-08-21 19:47:08","1","2023-08-22 17:21:07"
"1836","4","3","8","100","0","2023-08-28 18:04:32","1","2023-08-30 09:59:48"
"1836","5","4","8","20","0","2023-10-04 16:05:21","1","2023-10-23 08:37:45"
"1851","3","4","10","98","0","2023-08-13 21:54:42","1","2023-08-22 17:21:07"
"1851","3","8","8","55","0","2023-09-07 05:46:18","1","2023-09-19 11:40:31"
"1855","3","4","10","58","0","2023-08-19 18:05:07","1","2023-08-22 17:21:07"
"1855","3","8","8","10","0","2023-08-21 15:36:06","1","2023-08-22 17:21:07"
"1861","3","4","10","99","0","2023-08-13 19:14:42","1","2023-08-22 17:21:07"
"1861","3","8","8","100","0","2023-08-19 18:02:47","1","2023-08-22 17:21:07"
"1861","4","3","8","100","0","2023-09-10 21:50:40","1","2023-09-19 10:41:34"
"1862","3","4","10","98","0","2023-08-12 12:16:44","1","2023-08-22 17:21:07"
"1862","3","8","8","100","0","2023-08-21 20:21:32","1","2023-08-22 17:21:07"
"1862","4","3","8","100","0","2023-08-27 11:59:58","1","2023-08-30 09:45:33"
"1862","5","4","8","95","0","2023-09-09 11:11:39","1","2023-09-10 19:21:02"
"1862","7","2","6","100","0","2023-09-15 19:16:35","1","2023-09-23 06:35:43"
"1862","9","2","4","70","0","2023-09-19 14:15:26","1","2023-10-23 12:45:39"
"1862","10","2","5","67","0","2023-10-23 08:46:48","1","2023-11-03 15:08:45"
"1862","12","7","6","10","0","2023-10-30 17:32:03","0","2023-10-25 13:53:45"
"1867","3","4","10","78","0","2023-08-19 20:51:54","1","2023-08-22 17:21:07"
"1867","3","8","8","20","0","2023-08-20 20:33:48","1","2023-08-22 17:21:07"
"1869","3","4","10","77","0","2023-08-13 21:50:45","1","2023-08-22 17:21:07"
"1869","3","8","8","100","0","2023-08-23 11:24:59","1","2023-08-31 12:15:45"
"1871","3","4","10","100","0","2023-08-07 11:28:23","1","2023-08-22 17:21:07"
"1871","3","8","8","0","0","2023-09-19 15:35:00","1","2023-09-20 04:29:30"
"1871","4","3","8","50","0","2023-08-19 17:50:47","1","2023-08-27 04:15:50"
"1871","9","2","4","100","0","2023-08-13 16:12:19","1","2023-09-19 10:32:07"
"1871","10","2","5","95","0","2023-08-13 01:34:57","1","2023-09-19 10:24:45"
"1871","12","7","6","40","0","2023-08-12 23:29:54","1","2023-09-19 10:00:50"
"1873","3","4","10","97","0","2023-08-13 13:40:54","1","2023-08-22 17:21:07"
"1873","3","8","8","100","0","2023-08-17 00:16:25","1","2023-08-22 17:21:07"
"1873","4","3","8","100","0","2023-08-22 02:01:57","1","2023-08-27 04:34:42"
"1873","5","4","8","70","0","2023-09-05 03:08:40","1","2023-09-10 15:32:20"
"1873","7","2","6","100","0","2023-09-16 20:01:55","1","2023-09-23 06:51:16"
"1873","9","2","4","70","0","2023-09-30 20:24:24","1","2023-10-23 17:15:05"
"1873","12","7","6","0","0","2023-11-02 09:17:26","0",NULL
"1880","3","4","10","98","0","2023-08-25 06:38:22","1","2023-08-26 14:30:37"
"1880","3","8","8","0","0","2023-09-22 12:13:56","1","2023-09-27 15:36:16"
"1881","3","4","10","100","0","2023-08-07 11:54:34","1","2023-08-22 17:21:07"
"1881","3","8","8","20","0","2023-08-19 17:28:54","1","2023-08-22 17:21:07"
"1881","4","3","8","40","0","2023-08-11 18:30:10","1","2023-08-27 04:05:52"
"1885","3","4","10","99","0","2023-08-17 14:39:18","1","2023-08-22 17:21:07"
"1885","3","8","8","100","0","2023-08-24 22:42:50","1","2023-08-31 22:36:42"
"1885","4","3","8","100","0","2023-09-05 16:16:47","1","2023-09-19 10:21:08"
"1887","3","4","10","0","0","2023-08-17 01:11:26","1","2023-08-22 17:21:07"
"1889","3","4","10","100","0","2023-08-19 00:25:24","1","2023-08-22 17:21:07"
"1899","3","4","10","98","0","2023-08-13 15:02:39","1","2023-08-22 17:21:07"
"1899","3","8","8","99","0","2023-08-19 16:15:30","1","2023-08-22 17:21:07"
"1899","4","3","8","100","0","2023-08-27 19:12:48","1","2023-08-30 09:51:10"
"1899","5","4","8","80","0","2023-09-14 16:20:14","1","2023-09-19 09:07:18"
"1903","3","4","10","100","0","2023-08-04 15:03:06","1","2023-08-22 17:21:07"
"1903","3","8","8","100","0","2023-08-12 04:47:43","1","2023-08-22 17:21:07"
"1903","4","3","8","1000","0","2023-09-19 00:35:49","1","2023-09-19 11:32:50"
"1903","5","4","8","40","0","2023-09-22 02:05:25","1","2023-10-22 17:13:04"
"1903","7","2","6","100","0","2023-10-06 01:56:05","1","2023-10-25 04:15:30"
"1903","9","2","4","90","0","2023-10-07 00:58:02","1","2023-10-24 08:41:30"
"1912","3","4","10","0","0","2023-08-19 19:51:58","1","2023-08-22 17:21:07"
"1912","3","8","8","20","0","2023-08-19 19:53:13","1","2023-08-22 17:21:07"
"1917","3","4","10","100","0","2023-08-11 12:21:54","1","2023-08-22 17:21:07"
"1917","3","8","8","70","0","2023-08-18 15:14:49","1","2023-08-22 17:21:07"
"1917","4","3","8","0","0","2023-08-29 12:05:57","1","2023-08-30 16:20:13"
"1927","3","4","10","95","0","2023-08-07 13:27:44","1","2023-08-22 17:21:07"
"1927","3","8","8","80","0","2023-08-14 18:19:42","1","2023-08-22 17:21:07"
"1927","4","3","8","50","0","2023-08-14 17:48:22","1","2023-08-27 04:09:34"
"1927","5","4","8","80","0","2023-09-13 17:14:14","1","2023-09-15 21:06:18"
"1927","7","2","6","100","0","2023-09-14 17:25:17","1","2023-09-20 08:09:20"
"1927","9","2","4","100","0","2023-08-19 13:51:37","1","2023-09-19 11:03:36"
"1927","10","2","5","100","0","2023-08-24 22:19:58","1","2023-09-19 10:29:16"
"1927","10","4","2","100","0","2023-09-04 17:59:24","1","2023-09-19 10:20:08"
"1927","11","5","2","0","0","2023-09-21 15:09:15","0",NULL
"1931","3","4","10","78","0","2023-08-12 10:27:14","1","2023-08-22 17:21:07"
"1931","3","8","8","100","0","2023-08-21 21:05:49","1","2023-08-22 17:21:07"
"1934","3","4","10","58","0","2023-08-09 12:10:47","1","2023-08-22 17:21:07"
"1934","3","8","8","15","0","2023-09-06 11:06:30","1","2023-09-19 11:31:08"
"1934","4","3","8","50","0","2023-08-25 19:56:27","1","2023-08-27 07:05:32"
"1935","3","4","10","100","0","2023-08-05 17:19:24","1","2023-08-22 17:21:07"
"1935","3","8","8","20","0","2023-08-20 17:32:35","1","2023-08-22 17:21:07"
"1935","4","3","8","100","0","2023-09-02 08:47:37","1","2023-09-03 09:47:04"
"1935","5","4","8","100","0","2023-09-18 18:22:46","1","2023-09-19 18:27:31"
"1935","7","2","6","100","0","2023-09-20 18:23:39","1","2023-10-23 15:57:29"
"1935","9","2","4","10","0","2023-10-04 17:24:00","1","2023-10-24 08:38:02"
"1955","3","4","10","78","0","2023-08-15 12:45:56","1","2023-08-22 17:21:07"
"1955","3","8","8","100","0","2023-08-19 16:02:01","1","2023-08-22 17:21:07"
"1955","4","3","8","50","0","2023-08-25 16:11:22","1","2023-08-27 06:54:38"
"1955","5","4","8","10","0","2023-09-13 13:08:36","1","2023-09-15 20:57:46"
"1965","3","4","10","100","0","2023-08-22 20:38:50","1","2023-08-23 01:45:25"
"1965","3","8","8","0","0","2023-09-22 20:03:01","1","2023-09-27 15:42:15"
"1965","4","3","8","100","0","2023-08-30 18:29:50","1","2023-08-31 03:45:33"
"1965","5","4","8","0","0","2023-10-20 20:38:24","1","2023-10-23 09:35:56"
"1965","7","2","6","100","0","2023-10-20 20:38:52","1","2023-10-25 19:18:21"
"1965","9","2","4","60","0","2023-10-20 20:39:23","1","2023-10-24 08:47:08"
"1965","12","7","6","0","0","2023-10-31 20:24:49","0",NULL
"1976","3","4","10","0","0","2023-08-14 16:32:23","1","2023-08-22 17:21:07"
"1995","3","4","10","0","0","2023-09-19 21:18:50","1","2023-09-20 07:48:21"
"1995","3","8","8","0","0","2023-09-19 21:25:13","1","2023-09-20 04:38:33"
"1995","4","3","8","0","0","2023-09-19 21:50:55","1","2023-10-04 14:40:39"
"1995","5","4","8","0","0","2023-09-19 21:31:51","1","2023-10-22 12:06:03"
"1995","9","2","4","0","0","2023-09-19 21:53:49","1","2023-10-23 14:05:37"
"1999","3","4","10","25","0","2023-09-19 12:17:11","1","2023-09-19 15:29:58"
"1999","3","8","8","0","0","2023-09-19 12:20:09","1","2023-09-19 14:15:21"
"1999","4","3","8","0","0","2023-09-19 16:29:52","1","2023-10-04 13:55:05"
"1999","5","4","8","0","0","2023-09-19 19:30:35","1","2023-10-22 12:00:06"
"1999","9","2","4","0","0","2023-09-19 19:01:04","1","2023-10-23 14:02:01"
"2000","3","4","10","75","0","2023-09-11 18:25:18","1","2023-09-19 14:00:26"
"2004","3","4","10","98","0","2023-08-17 22:11:35","1","2023-08-22 17:21:07"
"2004","3","8","8","90","0","2023-08-19 18:00:39","1","2023-08-22 17:21:07"
"2004","5","4","8","0","0","2023-09-19 21:42:15","1","2023-10-22 12:07:12"
"2006","3","4","10","98","0","2023-08-08 21:41:14","1","2023-08-22 17:21:07"
"2006","3","8","8","100","0","2023-08-30 17:00:22","1","2023-09-05 07:54:35"
"2006","4","3","8","100","0","2023-09-19 12:18:53","1","2023-09-19 14:53:42"
"2006","5","4","8","0","0","2023-10-25 16:54:38","0","2023-10-23 08:01:52"
"2006","7","2","6","100","0","2023-10-05 19:07:54","1","2023-10-25 04:10:51"
"2008","3","4","10","78","0","2023-08-14 15:10:41","1","2023-08-22 17:21:07"
"2008","3","8","8","0","0","2023-09-05 16:05:47","1","2023-09-19 11:21:49"
"2019","3","4","10","75","0","2023-10-06 08:01:52","1","2023-10-15 09:52:08"
"2019","3","8","8","5","0","2023-10-07 06:57:50","1","2023-10-17 09:15:51"
"2019","5","4","8","0","0","2023-10-06 21:11:41","1","2023-10-23 08:39:23"
"2021","3","4","10","100","0","2023-08-09 19:55:42","1","2023-08-22 17:21:07"
"2021","3","8","8","100","0","2023-08-16 21:59:22","1","2023-08-22 17:21:07"
"2021","4","3","8","100","0","2023-08-21 20:53:25","1","2023-08-27 04:31:47"
"2026","3","4","10","0","0","2023-08-18 08:38:12","1","2023-08-22 17:21:07"
"2046","3","4","10","58","0","2023-08-17 01:48:09","1","2023-08-22 17:21:07"
"2046","3","8","8","10","0","2023-08-22 15:33:18","1","2023-08-23 05:53:35"
"2046","4","3","8","30","0","2023-09-19 10:34:30","1","2023-09-19 12:02:00"
"2051","3","4","10","98","0","2023-08-19 17:03:24","1","2023-08-22 17:21:07"
"2051","3","8","8","10","0","2023-09-21 00:57:25","1","2023-09-27 15:14:45"
"2056","3","4","10","98","0","2023-08-14 01:49:08","1","2023-08-22 17:21:07"
"2056","3","8","8","90","0","2023-09-05 12:29:23","1","2023-09-19 10:54:19"
"2056","4","3","8","100","0","2023-08-26 20:36:56","1","2023-08-27 08:07:09"
"2056","5","4","8","45","0","2023-10-26 16:57:43","0","2023-10-25 06:22:57"
"2056","7","2","6","100","0","2023-10-01 21:21:51","1","2023-10-25 03:35:54"
"2057","3","4","10","98","0","2023-08-13 12:25:32","1","2023-08-22 17:21:07"
"2057","3","8","8","100","0","2023-08-20 19:44:26","1","2023-08-22 17:21:07"
"2057","4","3","8","100","0","2023-08-30 06:52:40","1","2023-08-31 03:34:14"
"2057","5","4","8","49","0","2023-09-25 03:18:11","1","2023-10-23 07:02:06"
"2057","7","2","6","90","0","2023-09-30 15:16:04","1","2023-10-25 03:29:39"
"2057","9","2","4","70","0","2023-09-29 17:55:41","1","2023-10-23 17:01:06"
"2057","12","7","6","100","0","2023-10-15 03:27:11","1","2023-10-26 11:36:52"
"2058","3","4","10","92","0","2023-08-11 20:41:42","1","2023-08-22 17:21:07"
"2061","3","4","10","98","0","2023-08-26 14:35:54","1","2023-08-26 14:58:56"
"2061","3","8","8","0","0","2023-09-01 17:48:10","1","2023-09-03 15:29:55"
"2063","3","4","10","59","0","2023-08-14 11:34:27","1","2023-08-22 17:21:07"
"2063","3","8","8","70","0","2023-08-24 06:08:50","1","2023-08-31 12:45:05"
"2063","4","3","8","60","0","2023-08-27 08:20:16","1","2023-08-30 09:34:52"
"2063","5","4","8","23","0","2023-09-16 07:44:47","1","2023-09-19 14:01:51"
"2063","7","2","6","50","0","2023-09-16 06:01:47","1","2023-09-23 06:45:46"
"2067","3","4","10","78","0","2023-08-16 01:02:56","1","2023-08-22 17:21:07"
"2067","3","8","8","20","0","2023-09-30 13:43:51","1","2023-10-17 08:24:13"
"2067","4","3","8","100","0","2023-09-30 18:34:44","1","2023-10-23 10:04:23"
"2067","7","2","6","70","0","2023-09-29 22:19:47","1","2023-10-25 03:10:45"
"2074","3","4","10","98","0","2023-08-15 22:23:45","1","2023-08-22 17:21:07"
"2074","3","8","8","12","0","2023-10-05 11:18:01","1","2023-10-17 09:01:23"
"2074","4","3","8","20","0","2023-09-23 09:35:14","1","2023-10-04 15:07:26"
"2079","3","4","10","100","0","2023-09-19 14:24:32","1","2023-09-19 15:26:17"
"2079","3","8","8","15","0","2023-09-29 18:01:01","1","2023-10-17 08:12:03"
"2079","4","3","8","100","0","2023-09-01 18:18:03","1","2023-09-03 09:17:12"
"2079","5","4","8","0","0","2023-09-25 12:04:47","1","2023-10-23 07:04:45"
"2079","7","2","6","0","0","2023-10-08 10:53:27","1","2023-10-25 19:03:52"
"2079","9","2","4","70","0","2023-10-27 13:55:52","1","2023-10-29 10:59:55"
"2083","3","4","10","75","0","2023-09-18 08:38:37","1","2023-09-19 16:15:27"
"2083","3","8","8","100","0","2023-09-19 19:01:09","1","2023-09-20 04:31:30"
"2083","4","3","8","100","0","2023-10-27 02:25:23","1","2023-10-31 14:16:15"
"2096","3","4","10","99","0","2023-08-20 04:52:37","1","2023-08-22 17:21:07"
"2131","3","4","10","98","0","2023-08-19 16:36:19","1","2023-08-22 17:21:07"
"2131","3","8","8","0","0","2023-08-18 20:58:02","1","2023-08-22 17:21:07"
"2169","3","4","10","0","0","2023-08-17 20:36:51","1","2023-08-22 17:21:07"
"2184","3","4","10","100","0","2023-08-01 19:10:27","1","2023-08-22 17:21:07"
"2184","3","8","8","100","0","2023-08-15 12:30:50","1","2023-08-22 17:21:07"
"2184","4","3","8","100","0","2023-09-06 21:42:43","1","2023-09-19 10:27:07"
"2184","5","4","8","55","0","2023-09-07 22:19:42","1","2023-09-10 18:12:11"
"2184","7","2","6","10","0","2023-09-17 13:48:19","1","2023-10-22 14:40:14"
"2184","9","2","4","90","0","2023-09-21 14:47:42","1","2023-10-23 14:14:30"
"2187","3","4","10","0","0","2023-08-18 02:43:27","1","2023-08-22 17:21:07"
"2189","3","4","10","0","0","2023-09-02 13:38:00","1","2023-09-19 12:00:53"
"2189","3","8","8","0","0","2023-09-02 13:38:15","1","2023-09-03 16:00:31"
"2191","3","4","10","98","0","2023-08-15 04:55:50","1","2023-08-22 17:21:07"
"2191","3","8","8","10","0","2023-11-03 21:21:52","0","2023-10-17 08:52:23"
"2191","4","3","8","100","0","2023-08-30 18:13:59","1","2023-08-31 03:44:13"
"2191","5","4","8","49","0","2023-09-20 01:10:50","1","2023-10-22 15:41:45"
"2194","3","4","10","98","0","2023-08-19 19:47:19","1","2023-08-22 17:21:07"
"2194","3","8","8","0","0","2023-09-20 00:04:02","1","2023-09-20 04:50:00"
"2194","4","3","8","100","0","2023-09-09 09:42:30","1","2023-09-19 10:32:57"
"2195","3","4","10","100","0","2023-08-25 20:43:48","1","2023-08-26 14:43:05"
"2195","3","8","8","0","0","2023-08-19 18:05:26","1","2023-08-22 17:21:07"
"2196","3","4","10","78","0","2023-08-18 13:37:24","1","2023-08-22 17:21:07"
"2199","3","4","10","98","0","2023-08-21 20:54:29","1","2023-08-23 01:29:56"
"2199","3","8","8","100","0","2023-08-22 22:09:12","1","2023-08-23 06:05:22"
"2199","4","3","8","100","0","2023-09-01 20:53:27","1","2023-09-03 09:22:59"
"2199","5","4","8","0","0","2023-09-28 21:10:26","1","2023-10-23 08:21:20"
